,timestamp,type,status,topic,event_id
0,2021-04-28T23:34:18.8256904+00:00,something,active,foo,foo/123
1,2021-04-28T23:34:18.8256904+00:00,something,active,foo,foo/123
2,2021-04-28T23:34:18.8256904+00:00,something,active,foo,foo/123
3,2021-04-28T23:34:18.8256904+00:00,something,active,foo,foo/123
4,2021-04-28T23:34:18.8256904+00:00,something,active,foo,foo/123
5,2021-04-28T23:34:18.8256904+00:00,something,active,foo,foo/123
6,2021-04-28T23:34:18.8256904+00:00,something,active,foo,foo/123
7,2021-04-28T23:34:18.8256904+00:00,something,active,foo,foo/123
8,2021-04-28T23:34:18.8256904+00:00,something,active,foo,foo/123
9,2021-04-28T23:34:18.8256904+00:00,something,active,foo,foo/123
10,2021-04-28T23:34:18.8256904+00:00,something,active,foo,foo/123
11,2021-04-28T23:34:18.8256904+00:00,something,active,foo,foo/123
12,2021-04-28T23:34:18.8256904+00:00,something,active,foo,foo/123
13,2021-04-28T23:34:18.8256904+00:00,something,active,foo,foo/123
14,2021-04-28T23:34:18.8256904+00:00,something,active,foo,foo/123
15,2021-04-28T23:34:18.8256904+00:00,something,active,foo,foo/123
16,2021-04-28T23:34:18.8256904+00:00,something,active,foo,foo/123
